,Study_Hours_per_Week,Attendance_Rate,Past_Exam_Scores,Female,Male,Bachelors,High School,Masters,PhD,Internet Access at Home,No Internet Access Home,Extracurricular Activities,No Extracurricular Activities
0,0.7241379310344827,0.36410460566511405,0.72,0,1,0,1,0,0,1,0,1,0
1,0.2068965517241379,0.5638026051244176,0.45999999999999996,0,1,0,0,0,1,0,1,0,1
2,0.3793103448275862,0.7504031562305604,0.48,1,0,0,0,0,1,1,0,0,1
3,0.5862068965517241,0.8417035047194101,0.98,1,0,1,0,0,0,0,1,0,1
4,0.9310344827586206,0.973678255740712,0.26,1,0,0,0,1,0,0,1,1,0
5,0.6896551724137931,0.6828834814412843,0.54,0,1,0,0,1,0,1,0,0,1
6,0.48275862068965514,0.7878027914648098,0.9000000000000001,0,1,0,1,0,0,1,0,1,0
7,0.7241379310344827,0.011366513369972964,0.56,0,1,0,0,1,0,0,1,0,1
8,0.8275862068965516,0.616765917201278,0.8800000000000001,1,0,0,0,0,1,0,1,1,0
9,0.5862068965517241,0.3085187389258901,0.72,0,1,0,1,0,0,1,0,0,1
10,0.8620689655172413,0.3954908750443771,0.15999999999999992,1,0,0,1,0,0,1,0,1,0
11,0.03448275862068961,0.842266941680762,0.9000000000000001,0,1,0,0,1,0,1,0,0,1
12,0.5172413793103448,0.5770154686948368,0.6200000000000001,0,1,0,1,0,0,0,1,0,1
13,0.27586206896551724,0.3307947390341295,0.28,1,0,0,1,0,0,0,1,0,1
14,0.06896551724137928,0.24273855566872427,0.24,1,0,0,0,1,0,1,0,0,1
15,0.8275862068965516,0.09875006934330166,0.41999999999999993,1,0,0,1,0,0,1,0,1,0
16,0.7586206896551724,0.8608630704944218,0.56,0,1,1,0,0,0,1,0,1,0
17,0.48275862068965514,0.4206204708784118,0.6200000000000001,1,0,0,0,1,0,1,0,1,0
18,0.9310344827586206,0.9545978711922121,0.10000000000000009,1,0,0,1,0,0,1,0,1,0
19,1.0,0.7037079398040897,0.24,1,0,0,0,0,1,1,0,0,1
20,0.5862068965517241,0.8417035047194101,0.98,1,0,1,0,0,0,0,1,0,1
21,0.13793103448275856,0.6013916950497238,0.5800000000000001,0,1,0,1,0,0,0,1,1,0
22,0.896551724137931,0.9448916785589843,0.8600000000000001,0,1,0,0,1,0,1,0,1,0
23,0.5862068965517241,0.876722482971402,0.14000000000000012,0,1,0,1,0,0,1,0,0,1
24,0.3448275862068966,0.781508590667296,0.8400000000000001,1,0,1,0,0,0,1,0,1,0
25,0.5517241379310345,0.39915292552795756,0.3800000000000001,1,0,1,0,0,0,0,1,0,1
26,0.5862068965517241,0.9811670675163935,0.7,0,1,0,1,0,0,1,0,1,0
27,0.9655172413793103,0.5790394926096276,0.9199999999999999,1,0,0,0,1,0,0,1,0,1
28,0.7586206896551724,0.37663575190188214,0.32000000000000006,1,0,0,0,0,1,1,0,1,0
29,0.5862068965517241,0.5845555609885558,0.3400000000000001,1,0,0,0,1,0,1,0,1,0
30,1.0,0.015950717905036216,0.040000000000000036,0,1,1,0,0,0,0,1,1,0
31,0.13793103448275856,0.575377040326317,0.8200000000000001,0,1,0,0,0,1,0,1,1,0
32,0.1724137931034483,0.5560424764259781,0.9000000000000001,1,0,0,0,1,0,0,1,1,0
33,0.6206896551724137,0.9244627134960635,0.6600000000000001,1,0,0,1,0,0,0,1,1,0
34,0.3448275862068966,0.18266891025511067,0.9199999999999999,1,0,1,0,0,0,0,1,1,0
35,0.9310344827586206,0.8613003784483053,0.6200000000000001,1,0,1,0,0,0,0,1,1,0
36,0.6551724137931034,0.37606947706694904,0.8400000000000001,1,0,0,1,0,0,0,1,0,1
37,0.13793103448275856,0.6868770548160819,0.8800000000000001,0,1,0,1,0,0,1,0,1,0
38,0.6206896551724137,0.8053803547528333,0.48,0,1,0,0,0,1,0,1,1,0
39,0.10344827586206895,0.47331117377397103,0.54,1,0,0,0,0,1,1,0,1,0
40,0.7586206896551724,0.7688741251303597,0.56,0,1,0,1,0,0,0,1,1,0
41,0.9310344827586206,0.6389297409631742,0.3400000000000001,0,1,1,0,0,0,0,1,1,0
42,0.6551724137931034,0.37606947706694904,0.8400000000000001,1,0,0,1,0,0,0,1,0,1
43,0.3793103448275862,0.3147971415517852,0.8400000000000001,0,1,1,0,0,0,1,0,0,1
44,0.4482758620689655,0.7320309524325901,0.5800000000000001,1,0,0,1,0,0,1,0,0,1
45,0.8620689655172413,0.4052629887106243,0.7,1,0,0,0,0,1,0,1,0,1
46,0.4137931034482758,0.1999882148107095,0.56,1,0,0,0,1,0,0,1,1,0
47,0.8620689655172413,0.3314661170958413,0.56,1,0,0,0,1,0,1,0,1,0
48,0.2068965517241379,0.7182625338354163,0.6600000000000001,0,1,0,0,0,1,1,0,0,1
49,0.3448275862068966,0.781508590667296,0.8400000000000001,1,0,1,0,0,0,1,0,1,0
50,0.9310344827586206,0.5289015303192668,0.6400000000000001,1,0,0,1,0,0,0,1,1,0
51,0.31034482758620685,0.8164842776562955,0.76,1,0,0,0,0,1,1,0,1,0
52,0.7931034482758621,0.547899696171702,0.8800000000000001,0,1,1,0,0,0,1,0,1,0
53,0.9310344827586206,0.796510679068033,0.6799999999999999,1,0,0,1,0,0,0,1,1,0
54,0.3793103448275862,0.6026574811490457,0.26,1,0,0,1,0,0,1,0,0,1
55,0.06896551724137928,0.773805631871956,0.6000000000000001,0,1,0,0,0,1,0,1,1,0
56,0.0,0.8252574146871978,0.7,0,1,1,0,0,0,1,0,1,0
57,0.6551724137931034,0.25230252122741015,0.1200000000000001,1,0,0,0,1,0,1,0,1,0
58,0.4137931034482758,0.8483217009319173,0.020000000000000018,1,0,1,0,0,0,1,0,0,1
59,0.9310344827586206,0.33452532275047275,0.40000000000000013,0,1,1,0,0,0,0,1,1,0
60,0.8620689655172413,0.9110047739555107,0.32000000000000006,0,1,0,1,0,0,1,0,0,1
61,1.0,0.632790828840718,0.94,0,1,1,0,0,0,1,0,1,0
62,0.896551724137931,0.20331300848221012,0.6000000000000001,0,1,1,0,0,0,0,1,0,1
63,0.1724137931034483,0.8372395061061269,0.8600000000000001,1,0,1,0,0,0,0,1,1,0
64,1.0,0.632790828840718,0.94,0,1,1,0,0,0,1,0,1,0
65,0.4137931034482758,0.8685551273377217,0.76,1,0,0,1,0,0,0,1,0,1
66,0.9310344827586206,0.7213473351157962,0.19999999999999996,1,0,1,0,0,0,1,0,0,1
67,0.8620689655172413,0.7415617762336,0.45999999999999996,1,0,0,0,1,0,0,1,1,0
68,0.1724137931034483,0.12678758149850822,0.15999999999999992,1,0,1,0,0,0,1,0,1,0
69,0.2413793103448275,0.08892823040280584,0.8200000000000001,1,0,0,0,0,1,0,1,0,1
70,0.5517241379310345,0.605570658378717,0.24,0,1,0,1,0,0,0,1,0,1
71,0.8620689655172413,0.18048339153443216,0.10000000000000009,1,0,0,0,0,1,0,1,0,1
72,0.5517241379310345,0.1943540289458432,0.040000000000000036,0,1,0,1,0,0,0,1,1,0
73,0.2068965517241379,0.2109713311990855,0.52,0,1,1,0,0,0,0,1,0,1
74,0.48275862068965514,0.47228090670881384,0.3600000000000001,0,1,0,1,0,0,1,0,0,1
75,0.8275862068965516,0.5357416269020923,0.10000000000000009,1,0,0,1,0,0,1,0,0,1
76,0.7586206896551724,0.24662344291859983,0.19999999999999996,0,1,0,1,0,0,0,1,1,0
77,0.5862068965517241,0.9333856642544265,0.30000000000000004,0,1,1,0,0,0,0,1,0,1
78,0.8275862068965516,0.97511947506452,0.8800000000000001,1,0,1,0,0,0,0,1,1,0
79,0.6551724137931034,0.6974105749590753,0.08000000000000007,1,0,0,0,1,0,1,0,1,0
80,0.8620689655172413,0.9756409298717357,0.78,0,1,1,0,0,0,1,0,0,1
81,0.3448275862068966,0.9591517092563029,0.9000000000000001,0,1,1,0,0,0,0,1,1,0
82,0.9655172413793103,0.89999529444974,0.6799999999999999,0,1,0,0,0,1,1,0,0,1
83,0.6896551724137931,0.6098863305052789,0.040000000000000036,0,1,0,0,0,1,1,0,0,1
84,0.9310344827586206,0.720327490169951,0.14000000000000012,1,0,0,0,0,1,0,1,0,1
85,0.4482758620689655,0.3131923243425234,0.8200000000000001,1,0,1,0,0,0,0,1,0,1
86,0.8620689655172413,0.5365260344575524,0.5800000000000001,0,1,0,0,0,1,1,0,1,0
87,0.03448275862068961,0.08520520244714014,0.24,0,1,0,1,0,0,0,1,1,0
88,0.6896551724137931,0.4838838008861117,0.41999999999999993,1,0,0,1,0,0,1,0,1,0
89,0.1724137931034483,0.5868665330993827,0.6600000000000001,1,0,0,1,0,0,1,0,0,1
90,0.1724137931034483,0.5560424764259781,0.9000000000000001,1,0,0,0,1,0,0,1,1,0
91,0.6206896551724137,0.8053803547528333,0.48,0,1,0,0,0,1,0,1,1,0
92,0.2068965517241379,0.08483894424005611,0.74,1,0,0,1,0,0,0,1,0,1
93,0.7931034482758621,0.20281077346318677,0.6600000000000001,1,0,0,0,0,1,0,1,0,1
94,0.5172413793103448,0.7227146531784938,0.08000000000000007,1,0,0,0,1,0,0,1,1,0
95,0.31034482758620685,0.1319065868906375,0.43999999999999995,0,1,1,0,0,0,1,0,1,0
96,0.5172413793103448,0.5467394205150613,0.5800000000000001,0,1,0,0,1,0,0,1,0,1
97,0.3793103448275862,0.49739346988518895,0.9199999999999999,0,1,0,1,0,0,0,1,0,1
98,0.0,0.34387954102663554,0.9199999999999999,1,0,0,0,1,0,0,1,1,0
99,0.10344827586206895,0.981052650680192,0.8200000000000001,1,0,0,0,0,1,1,0,1,0
100,0.4482758620689655,0.7498102103588187,0.76,0,1,1,0,0,0,1,0,0,1
101,0.3793103448275862,0.5480122233656375,0.94,0,1,1,0,0,0,1,0,0,1
102,0.6206896551724137,0.7441321587155192,0.5,1,0,1,0,0,0,0,1,0,1
103,0.7586206896551724,0.42095359053740333,0.76,1,0,0,0,1,0,1,0,1,0
104,0.8275862068965516,0.352584765678577,0.5,0,1,1,0,0,0,0,1,0,1
105,0.2413793103448275,0.5336001563043078,0.5800000000000001,0,1,0,1,0,0,0,1,0,1
106,0.10344827586206895,0.5688025094938753,0.040000000000000036,0,1,0,0,1,0,0,1,1,0
107,1.0,0.632790828840718,0.94,0,1,1,0,0,0,1,0,1,0
108,0.31034482758620685,0.9324591730526857,0.08000000000000007,0,1,1,0,0,0,0,1,0,1
109,0.31034482758620685,0.758962634700288,1.0,1,0,0,1,0,0,0,1,0,1
110,0.48275862068965514,0.2491351604333214,0.6400000000000001,0,1,0,0,0,1,1,0,1,0
111,0.3793103448275862,0.9177966631964682,0.15999999999999992,1,0,1,0,0,0,1,0,1,0
112,0.13793103448275856,0.8977716675421692,0.48,0,1,0,0,1,0,1,0,1,0
113,0.7931034482758621,0.8269285557322039,0.06000000000000005,0,1,0,0,0,1,0,1,0,1
114,0.13793103448275856,0.05347376563554751,0.54,0,1,0,0,0,1,0,1,1,0
115,0.7241379310344827,0.36410460566511405,0.72,0,1,0,1,0,0,1,0,1,0
116,0.06896551724137928,0.7718472417324638,0.54,1,0,0,1,0,0,1,0,1,0
117,0.5517241379310345,0.26495011496371923,0.24,0,1,1,0,0,0,1,0,1,0
118,0.7931034482758621,0.9135541346687202,0.6799999999999999,0,1,0,0,1,0,1,0,1,0
119,0.13793103448275856,0.575377040326317,0.8200000000000001,0,1,0,0,0,1,0,1,1,0
120,0.13793103448275856,0.08461848276612516,0.21999999999999997,1,0,1,0,0,0,0,1,1,0
121,0.9310344827586206,0.22573023608034015,1.0,1,0,0,1,0,0,1,0,0,1
122,0.7586206896551724,0.5228239808189115,0.6200000000000001,0,1,1,0,0,0,0,1,0,1
123,0.3448275862068966,0.781508590667296,0.8400000000000001,1,0,1,0,0,0,1,0,1,0
124,1.0,0.7901044122536085,0.3400000000000001,1,0,0,0,0,1,0,1,1,0
125,0.7586206896551724,0.9685262887287787,0.28,1,0,0,0,0,1,1,0,0,1
126,0.7931034482758621,0.669577359010072,1.0,1,0,0,0,0,1,0,1,0,1
127,0.8620689655172413,0.4898720932744596,0.48,1,0,0,1,0,0,1,0,1,0
128,0.6896551724137931,0.49340772127428356,0.5,0,1,0,1,0,0,1,0,0,1
129,0.3448275862068966,0.01990478491814418,0.8400000000000001,1,0,0,0,0,1,1,0,1,0
130,0.9655172413793103,0.5343257668984502,0.40000000000000013,0,1,1,0,0,0,0,1,0,1
131,0.6206896551724137,0.8008014867520796,0.56,1,0,0,0,1,0,1,0,0,1
132,0.06896551724137928,0.5768693493985451,0.5800000000000001,1,0,0,0,1,0,0,1,0,1
133,0.3793103448275862,0.9177966631964682,0.15999999999999992,1,0,1,0,0,0,1,0,1,0
134,0.2413793103448275,0.23405120679189917,0.74,0,1,0,0,0,1,0,1,1,0
135,0.7241379310344827,0.8382705571120459,0.76,1,0,0,0,1,0,1,0,0,1
136,0.7586206896551724,0.6144455400078996,0.52,1,0,0,1,0,0,1,0,0,1
137,0.4137931034482758,0.3379409099214663,0.45999999999999996,0,1,0,0,1,0,0,1,0,1
138,0.13793103448275856,0.5482195129096212,0.6200000000000001,0,1,0,0,0,1,0,1,0,1
139,0.7241379310344827,0.3732103446090753,0.56,0,1,1,0,0,0,0,1,1,0
140,0.03448275862068961,0.2394604445863464,0.26,1,0,0,1,0,0,0,1,0,1
141,1.0,0.7901044122536085,0.3400000000000001,1,0,0,0,0,1,0,1,1,0
142,0.8620689655172413,0.32899142312939933,0.48,1,0,0,0,1,0,1,0,0,1
143,0.6551724137931034,0.37809525903108376,0.43999999999999995,0,1,1,0,0,0,0,1,1,0
144,0.4137931034482758,0.3287417097123546,0.28,1,0,0,0,0,1,0,1,0,1
145,0.31034482758620685,0.6333101683318305,0.1200000000000001,0,1,0,0,1,0,0,1,0,1
146,0.9310344827586206,0.7206254147402442,0.28,0,1,0,1,0,0,0,1,0,1
147,0.896551724137931,0.9448916785589843,0.8600000000000001,0,1,0,0,1,0,1,0,1,0
148,0.8275862068965516,0.5651246299464354,0.74,1,0,0,1,0,0,1,0,1,0
149,0.2413793103448275,0.5337101007865477,0.45999999999999996,1,0,0,0,0,1,1,0,0,1
150,0.5862068965517241,0.6902819484573615,0.21999999999999997,1,0,0,0,1,0,0,1,0,1
151,0.5517241379310345,0.9191556301235853,0.5,0,1,0,0,1,0,0,1,0,1
152,0.5862068965517241,0.564855553914734,0.72,1,0,0,0,0,1,0,1,1,0
153,0.13793103448275856,0.5336776163916854,0.0,0,1,0,0,0,1,1,0,1,0
154,0.7241379310344827,0.06408794682362928,0.96,0,1,1,0,0,0,0,1,0,1
155,0.13793103448275856,0.4133995596244866,0.06000000000000005,1,0,0,1,0,0,1,0,0,1
156,0.6896551724137931,0.13032595971016492,0.28,0,1,0,1,0,0,0,1,0,1
157,0.8620689655172413,0.531103907377102,0.3400000000000001,1,0,1,0,0,0,0,1,0,1
158,0.31034482758620685,0.3480869581154542,0.08000000000000007,1,0,0,0,0,1,0,1,0,1
159,0.1724137931034483,0.6962409752618655,0.5800000000000001,1,0,0,0,0,1,0,1,1,0
160,0.8275862068965516,0.97511947506452,0.8800000000000001,1,0,1,0,0,0,0,1,1,0
161,0.3793103448275862,0.3147971415517852,0.8400000000000001,0,1,1,0,0,0,1,0,0,1
162,0.9310344827586206,0.8465963030820058,0.21999999999999997,0,1,0,0,1,0,0,1,0,1
163,0.7586206896551724,0.04940393075219762,0.6200000000000001,0,1,0,0,1,0,0,1,0,1
164,0.10344827586206895,0.8877718820727343,0.3800000000000001,1,0,0,0,0,1,0,1,1,0
165,0.7931034482758621,0.985971926300995,0.8,0,1,0,1,0,0,1,0,1,0
166,0.8620689655172413,0.08632659460188252,0.96,1,0,1,0,0,0,0,1,1,0
167,0.6896551724137931,0.10283683558183232,0.96,1,0,1,0,0,0,0,1,0,1
168,0.7586206896551724,0.3918199901823056,0.15999999999999992,0,1,0,0,0,1,1,0,0,1
169,0.10344827586206895,0.5978885406124179,0.5800000000000001,0,1,1,0,0,0,0,1,0,1
170,0.2068965517241379,0.598476961172071,0.41999999999999993,0,1,1,0,0,0,0,1,1,0
171,0.9655172413793103,0.9626337145445554,0.19999999999999996,1,0,0,0,1,0,1,0,0,1
172,0.7241379310344827,0.35024656867719406,0.9199999999999999,1,0,0,0,0,1,0,1,1,0
173,0.4137931034482758,0.3379409099214663,0.45999999999999996,0,1,0,0,1,0,0,1,0,1
174,0.06896551724137928,0.5566280087617095,0.54,1,0,1,0,0,0,1,0,0,1
175,0.4482758620689655,0.6073685394556438,0.19999999999999996,0,1,0,0,0,1,0,1,1,0
176,0.31034482758620685,0.4560224619649793,0.5800000000000001,1,0,0,0,1,0,0,1,0,1
177,0.6206896551724137,0.5390512195850983,0.6200000000000001,1,0,1,0,0,0,1,0,1,0
178,0.5172413793103448,0.08578486485590942,0.040000000000000036,0,1,1,0,0,0,1,0,1,0
179,0.48275862068965514,0.08712508420480147,0.9199999999999999,0,1,1,0,0,0,0,1,0,1
180,0.6206896551724137,0.5390512195850983,0.6200000000000001,1,0,1,0,0,0,1,0,1,0
181,0.5517241379310345,0.8785043951669895,0.8800000000000001,1,0,0,1,0,0,0,1,0,1
182,0.9655172413793103,0.5790394926096276,0.9199999999999999,1,0,0,0,1,0,0,1,0,1
183,0.9310344827586206,0.16015268566274643,0.8,1,0,0,1,0,0,0,1,1,0
184,0.7931034482758621,0.7239255012388195,0.3600000000000001,0,1,1,0,0,0,1,0,0,1
185,0.9655172413793103,0.5790394926096276,0.9199999999999999,1,0,0,0,1,0,0,1,0,1
186,0.2413793103448275,0.6484195597276146,0.96,1,0,0,0,0,1,0,1,1,0
187,0.3448275862068966,0.29814675491217146,0.30000000000000004,1,0,1,0,0,0,1,0,0,1
188,0.6896551724137931,0.10283683558183232,0.96,1,0,1,0,0,0,0,1,0,1
189,0.06896551724137928,0.7357621281164839,0.41999999999999993,1,0,0,0,1,0,1,0,1,0
190,0.9310344827586206,0.5967204337727179,0.45999999999999996,0,1,0,0,0,1,0,1,1,0
191,0.0,0.34387954102663554,0.9199999999999999,1,0,0,0,1,0,0,1,1,0
192,0.48275862068965514,0.7259490581592161,0.8200000000000001,0,1,0,1,0,0,1,0,1,0
193,0.8620689655172413,0.20550186456789654,0.8600000000000001,1,0,1,0,0,0,0,1,0,1
194,0.6551724137931034,0.32019945466990385,0.96,1,0,0,0,1,0,0,1,1,0
195,0.9655172413793103,0.30635258462525927,0.8600000000000001,0,1,0,0,0,1,0,1,0,1
196,0.2068965517241379,0.903509448731382,0.30000000000000004,1,0,1,0,0,0,1,0,0,1
197,1.0,0.5923923335371779,0.0,0,1,0,0,1,0,1,0,0,1
198,0.13793103448275856,0.22568546459757277,0.7,1,0,0,1,0,0,1,0,1,0
199,0.31034482758620685,0.24984907109273413,0.45999999999999996,1,0,0,1,0,0,0,1,0,1
200,0.6551724137931034,0.8509288501954388,0.10000000000000009,1,0,0,0,0,1,0,1,0,1
201,0.9655172413793103,0.23426613715052258,0.19999999999999996,0,1,0,1,0,0,0,1,0,1
202,0.5517241379310345,0.7159775150182957,0.56,0,1,1,0,0,0,1,0,1,0
203,0.1724137931034483,0.5560424764259781,0.9000000000000001,1,0,0,0,1,0,0,1,1,0
204,0.4482758620689655,0.713851291346169,0.96,1,0,1,0,0,0,0,1,0,1
205,0.8620689655172413,0.9761165024797056,0.32000000000000006,1,0,0,0,1,0,0,1,1,0
206,0.9655172413793103,0.5343257668984502,0.40000000000000013,0,1,1,0,0,0,0,1,0,1
207,0.0,0.7372672149416895,0.040000000000000036,0,1,1,0,0,0,1,0,0,1
208,0.3793103448275862,0.4257206703180165,0.10000000000000009,1,0,0,1,0,0,1,0,0,1
209,0.3448275862068966,0.5144327041815211,0.8800000000000001,1,0,1,0,0,0,0,1,0,1
210,0.48275862068965514,0.7259490581592161,0.8200000000000001,0,1,0,1,0,0,1,0,1,0
211,1.0,0.09022058443106751,0.45999999999999996,1,0,0,1,0,0,0,1,1,0
212,0.9655172413793103,0.8367237886299563,0.28,1,0,0,0,0,1,1,0,1,0
213,0.3793103448275862,0.02955353443248021,0.48,1,0,1,0,0,0,1,0,1,0
214,0.5517241379310345,0.40783353287531066,0.6600000000000001,1,0,0,1,0,0,1,0,0,1
215,0.06896551724137928,0.8075019740768783,0.26,0,1,0,1,0,0,1,0,0,1
216,0.2413793103448275,0.06447222884786674,0.7,0,1,0,1,0,0,0,1,1,0
217,0.27586206896551724,0.8789140664006392,0.6200000000000001,1,0,1,0,0,0,0,1,1,0
218,0.6551724137931034,0.6362045684952287,0.020000000000000018,1,0,0,0,1,0,0,1,1,0
219,0.7241379310344827,0.6909455551145065,0.41999999999999993,0,1,0,0,1,0,1,0,1,0
220,0.27586206896551724,0.2621270949336185,0.8,1,0,0,0,1,0,1,0,1,0
221,0.10344827586206895,0.3776096763340788,0.3600000000000001,0,1,0,0,1,0,0,1,0,1
222,0.9655172413793103,0.6236242275684787,0.17999999999999994,0,1,0,0,0,1,1,0,0,1
223,0.48275862068965514,0.7878027914648098,0.9000000000000001,0,1,0,1,0,0,1,0,1,0
224,0.2413793103448275,0.8252319935825503,0.3400000000000001,0,1,0,0,1,0,0,1,0,1
225,0.8620689655172413,0.8051092454500062,0.6400000000000001,0,1,0,1,0,0,1,0,1,0
226,0.48275862068965514,0.3961616202163494,0.3800000000000001,0,1,0,0,1,0,0,1,0,1
227,0.03448275862068961,0.6934487792689805,0.76,1,0,1,0,0,0,0,1,1,0
228,0.8620689655172413,0.9110047739555107,0.32000000000000006,0,1,0,1,0,0,1,0,0,1
229,0.31034482758620685,0.4801823298971992,0.21999999999999997,0,1,0,1,0,0,1,0,0,1
230,0.7931034482758621,0.1368941337619527,0.78,1,0,1,0,0,0,1,0,0,1
231,0.3793103448275862,0.9177966631964682,0.15999999999999992,1,0,1,0,0,0,1,0,1,0
232,0.8620689655172413,0.3330177755789414,0.30000000000000004,1,0,0,0,1,0,0,1,1,0
233,0.3793103448275862,0.6985923833099941,0.8,1,0,0,0,1,0,1,0,1,0
234,0.2068965517241379,0.2925788972962269,0.6799999999999999,0,1,0,1,0,0,0,1,0,1
235,0.4482758620689655,0.6967023490737783,0.48,1,0,0,0,0,1,0,1,1,0
236,0.6896551724137931,0.9983341423305774,0.96,1,0,0,0,1,0,1,0,0,1
237,0.06896551724137928,0.6914395697884752,0.6000000000000001,0,1,0,1,0,0,0,1,1,0
238,0.6896551724137931,0.9131365985513851,0.56,1,0,0,1,0,0,1,0,0,1
239,1.0,0.23156845917814395,0.96,1,0,1,0,0,0,1,0,0,1
240,0.9655172413793103,0.5343257668984502,0.40000000000000013,0,1,1,0,0,0,0,1,0,1
241,0.1724137931034483,0.5560424764259781,0.9000000000000001,1,0,0,0,1,0,0,1,1,0
242,0.9655172413793103,0.8367237886299563,0.28,1,0,0,0,0,1,1,0,1,0
243,0.03448275862068961,0.9000154024901568,0.8200000000000001,0,1,0,1,0,0,0,1,0,1
244,0.7586206896551724,0.1146991527679575,0.78,0,1,1,0,0,0,0,1,0,1
245,0.7241379310344827,0.5876791121719223,0.3400000000000001,0,1,1,0,0,0,0,1,1,0
246,0.6206896551724137,0.8053803547528333,0.48,0,1,0,0,0,1,0,1,1,0
247,0.7241379310344827,0.7570021372686513,0.76,1,0,0,0,1,0,1,0,0,1
248,0.9310344827586206,0.5967204337727179,0.45999999999999996,0,1,0,0,0,1,0,1,1,0
249,0.7241379310344827,0.5290804090316039,0.10000000000000009,1,0,0,0,1,0,1,0,0,1
250,0.7241379310344827,0.7570021372686513,0.76,1,0,0,0,1,0,1,0,0,1
251,0.9310344827586206,0.8465963030820058,0.21999999999999997,0,1,0,0,1,0,0,1,0,1
252,0.31034482758620685,0.43047410134493913,0.24,1,0,1,0,0,0,0,1,1,0
253,0.5862068965517241,0.8417035047194101,0.98,1,0,1,0,0,0,0,1,0,1
254,0.7241379310344827,0.336111034111755,0.6200000000000001,0,1,0,0,0,1,1,0,0,1
255,0.13793103448275856,0.6034202284292851,0.1200000000000001,0,1,0,0,0,1,0,1,0,1
256,0.6896551724137931,0.45871178559219383,0.30000000000000004,0,1,0,1,0,0,0,1,0,1
257,0.3448275862068966,0.18266891025511067,0.9199999999999999,1,0,1,0,0,0,0,1,1,0
258,0.27586206896551724,0.2671307145965376,0.72,1,0,0,1,0,0,0,1,0,1
259,0.7241379310344827,0.5510285156857295,0.98,0,1,0,0,1,0,1,0,0,1
260,0.0,0.6326476898432738,0.24,1,0,0,0,0,1,0,1,1,0
261,0.8275862068965516,0.47913722793666125,0.41999999999999993,0,1,0,0,0,1,0,1,0,1
262,0.5517241379310345,0.04944372076082648,0.15999999999999992,0,1,0,0,1,0,1,0,1,0
263,0.8275862068965516,0.7583172761299408,0.48,1,0,0,0,1,0,1,0,0,1
264,0.13793103448275856,0.22366123526944004,0.26,0,1,0,1,0,0,1,0,0,1
265,0.3793103448275862,0.8376525375730666,0.9199999999999999,1,0,0,0,1,0,1,0,1,0
266,0.8275862068965516,0.7712100270789648,0.9199999999999999,1,0,1,0,0,0,1,0,1,0
267,1.0,0.6367935854356099,0.9000000000000001,1,0,0,0,0,1,0,1,1,0
268,0.7241379310344827,0.5726649025786255,0.41999999999999993,1,0,1,0,0,0,0,1,0,1
269,0.7931034482758621,0.41944881644598664,0.48,0,1,0,1,0,0,1,0,0,1
270,0.8620689655172413,0.20550186456789654,0.8600000000000001,1,0,1,0,0,0,0,1,0,1
271,0.5862068965517241,0.5551247327433759,0.3400000000000001,1,0,1,0,0,0,0,1,1,0
272,1.0,0.7303906129577149,0.21999999999999997,1,0,1,0,0,0,0,1,1,0
273,0.9310344827586206,0.7206254147402442,0.28,0,1,0,1,0,0,0,1,0,1
274,0.1724137931034483,0.5868665330993827,0.6600000000000001,1,0,0,1,0,0,1,0,0,1
275,0.31034482758620685,0.178260147169091,0.0,0,1,1,0,0,0,1,0,1,0
276,0.13793103448275856,0.8977716675421692,0.48,0,1,0,0,1,0,1,0,1,0
277,0.2068965517241379,0.8315149122929815,0.43999999999999995,0,1,1,0,0,0,0,1,1,0
278,0.03448275862068961,0.5345924080598945,0.43999999999999995,0,1,0,0,0,1,0,1,1,0
279,0.4137931034482758,0.40140921716886147,0.32000000000000006,1,0,0,0,1,0,1,0,0,1
280,0.8275862068965516,0.5651246299464354,0.74,1,0,0,1,0,0,1,0,1,0
281,0.3793103448275862,0.9108515913690045,0.24,0,1,0,0,1,0,0,1,0,1
282,0.13793103448275856,0.7531556709394573,0.14000000000000012,1,0,0,0,0,1,1,0,0,1
283,0.9655172413793103,0.361800117314087,0.5800000000000001,0,1,0,1,0,0,0,1,1,0
284,0.06896551724137928,0.4854676448716133,0.6200000000000001,0,1,0,0,0,1,1,0,1,0
285,0.03448275862068961,0.6934487792689805,0.76,1,0,1,0,0,0,0,1,1,0
286,0.8620689655172413,0.3192560654124106,0.24,0,1,0,0,0,1,0,1,0,1
287,0.1724137931034483,0.8372395061061269,0.8600000000000001,1,0,1,0,0,0,0,1,1,0
288,0.6896551724137931,0.8209734197452567,0.19999999999999996,1,0,0,1,0,0,0,1,0,1
289,0.13793103448275856,0.152788961384698,0.14000000000000012,1,0,0,0,0,1,0,1,1,0
290,0.1724137931034483,0.5258090846134655,0.32000000000000006,1,0,0,0,0,1,0,1,1,0
291,0.3793103448275862,0.4361563210335673,0.96,0,1,0,1,0,0,1,0,0,1
292,0.8620689655172413,0.9761165024797056,0.32000000000000006,1,0,0,0,1,0,0,1,1,0
293,0.4482758620689655,0.713851291346169,0.96,1,0,1,0,0,0,0,1,0,1
294,0.7931034482758621,0.9159090913125685,0.78,0,1,0,0,1,0,1,0,0,1
295,0.2413793103448275,0.2683731648174701,0.6000000000000001,0,1,0,0,0,1,1,0,0,1
296,0.5517241379310345,0.10017237740012774,0.41999999999999993,1,0,0,1,0,0,1,0,0,1
297,0.06896551724137928,0.6874981208515678,0.21999999999999997,1,0,1,0,0,0,1,0,1,0
298,0.3793103448275862,0.6985923833099941,0.8,1,0,0,0,1,0,1,0,1,0
299,0.7586206896551724,0.35408030640015764,0.76,1,0,1,0,0,0,0,1,0,1
300,0.8620689655172413,0.4591507424695833,0.48,1,0,0,0,0,1,0,1,1,0
301,0.2413793103448275,0.9498034158712192,0.10000000000000009,1,0,1,0,0,0,0,1,0,1
302,1.0,0.09022058443106751,0.45999999999999996,1,0,0,1,0,0,0,1,1,0
303,0.0,0.04469051821612702,0.040000000000000036,1,0,0,0,0,1,0,1,0,1
304,0.5862068965517241,0.43771224585548985,0.8400000000000001,1,0,0,1,0,0,1,0,1,0
305,0.2413793103448275,0.9795167753237883,0.14000000000000012,0,1,1,0,0,0,1,0,0,1
306,0.6551724137931034,0.37606947706694904,0.8400000000000001,1,0,0,1,0,0,0,1,0,1
307,0.8620689655172413,0.21840997176901555,0.19999999999999996,1,0,1,0,0,0,1,0,0,1
308,0.10344827586206895,0.6842753287456236,1.0,0,1,0,0,1,0,1,0,1,0
309,0.9310344827586206,0.3463138792953633,0.72,0,1,0,1,0,0,1,0,0,1
310,0.8620689655172413,0.5725209437332046,0.52,1,0,0,0,0,1,1,0,1,0
311,0.4137931034482758,0.3379409099214663,0.45999999999999996,0,1,0,0,1,0,0,1,0,1
312,0.7586206896551724,0.5108429443499483,0.72,1,0,0,0,1,0,1,0,1,0
313,0.8620689655172413,0.7415617762336,0.45999999999999996,1,0,0,0,1,0,0,1,1,0
314,0.10344827586206895,0.9110671548179667,0.1200000000000001,0,1,1,0,0,0,0,1,1,0
315,1.0,0.02821701513152819,0.8400000000000001,0,1,0,0,1,0,0,1,0,1
316,0.13793103448275856,0.4580171867958993,0.8600000000000001,1,0,0,0,0,1,0,1,0,1
317,0.7586206896551724,0.8608630704944218,0.56,0,1,1,0,0,0,1,0,1,0
318,0.7586206896551724,0.7107352662348332,0.94,0,1,1,0,0,0,0,1,1,0
319,0.3793103448275862,0.1825766840777978,0.98,0,1,0,1,0,0,1,0,1,0
320,0.7931034482758621,0.7458621982249201,0.45999999999999996,1,0,0,0,1,0,0,1,1,0
321,0.7586206896551724,0.9685262887287787,0.28,1,0,0,0,0,1,1,0,0,1
322,0.9655172413793103,0.30635258462525927,0.8600000000000001,0,1,0,0,0,1,0,1,0,1
323,1.0,0.535851248821194,0.24,1,0,0,0,1,0,1,0,1,0
324,0.8620689655172413,0.8051092454500062,0.6400000000000001,0,1,0,1,0,0,1,0,1,0
325,0.5172413793103448,0.6509715504938756,0.26,1,0,0,1,0,0,1,0,1,0
326,0.7586206896551724,0.8674657485714679,0.6600000000000001,1,0,0,0,1,0,0,1,0,1
327,0.06896551724137928,0.403246160080168,0.020000000000000018,1,0,0,0,1,0,1,0,0,1
328,0.9310344827586206,0.9557506895822674,0.14000000000000012,0,1,0,1,0,0,0,1,0,1
329,0.5517241379310345,0.3765107769402689,0.74,0,1,1,0,0,0,1,0,1,0
330,0.3448275862068966,0.778557235442292,0.78,0,1,0,0,0,1,0,1,1,0
331,0.0,0.5541307921450889,0.6799999999999999,0,1,1,0,0,0,0,1,1,0
332,0.5862068965517241,0.06135564025403384,0.14000000000000012,1,0,0,0,1,0,1,0,0,1
333,0.4482758620689655,0.44991445231393423,0.24,1,0,1,0,0,0,1,0,0,1
334,0.7586206896551724,0.5108429443499483,0.72,1,0,0,0,1,0,1,0,1,0
335,0.6551724137931034,0.073814421617177,0.06000000000000005,1,0,1,0,0,0,0,1,1,0
336,0.7241379310344827,0.36410460566511405,0.72,0,1,0,1,0,0,1,0,1,0
337,0.6206896551724137,0.8008014867520796,0.56,1,0,0,0,1,0,1,0,0,1
338,0.8275862068965516,0.16366260550080147,0.020000000000000018,1,0,0,1,0,0,0,1,0,1
339,0.5172413793103448,0.00037262140690530465,0.6600000000000001,0,1,0,1,0,0,1,0,1,0
340,0.5862068965517241,0.7653019987503507,0.28,0,1,0,0,0,1,1,0,1,0
341,0.6206896551724137,0.9244627134960635,0.6600000000000001,1,0,0,1,0,0,0,1,1,0
342,0.7241379310344827,0.341607476288984,0.15999999999999992,1,0,0,1,0,0,0,1,0,1
343,0.9310344827586206,0.8059319210697349,0.040000000000000036,0,1,0,0,0,1,1,0,0,1
344,1.0,0.9978957521452689,0.6600000000000001,0,1,0,0,1,0,0,1,0,1
345,0.8275862068965516,0.616765917201278,0.8800000000000001,1,0,0,0,0,1,0,1,1,0
346,1.0,0.9978957521452689,0.6600000000000001,0,1,0,0,1,0,0,1,0,1
347,0.4137931034482758,0.06678155123279206,0.21999999999999997,1,0,0,0,0,1,0,1,1,0
348,0.6206896551724137,0.7441321587155192,0.5,1,0,1,0,0,0,0,1,0,1
349,0.9655172413793103,0.361800117314087,0.5800000000000001,0,1,0,1,0,0,0,1,1,0
350,1.0,0.09022058443106751,0.45999999999999996,1,0,0,1,0,0,0,1,1,0
351,0.896551724137931,0.9188589470602968,0.76,1,0,0,1,0,0,1,0,0,1
352,0.5517241379310345,0.286445520902854,0.06000000000000005,0,1,0,1,0,0,0,1,1,0
353,0.3793103448275862,0.4509557152114483,0.6000000000000001,1,0,0,0,1,0,1,0,0,1
354,0.9655172413793103,0.361800117314087,0.5800000000000001,0,1,0,1,0,0,0,1,1,0
355,0.9655172413793103,0.89999529444974,0.6799999999999999,0,1,0,0,0,1,1,0,0,1
356,0.8620689655172413,0.19775802069416848,0.5,0,1,0,1,0,0,0,1,0,1
357,0.7241379310344827,0.35024656867719406,0.9199999999999999,1,0,0,0,0,1,0,1,1,0
358,0.9655172413793103,0.6236242275684787,0.17999999999999994,0,1,0,0,0,1,1,0,0,1
359,0.5862068965517241,0.9811670675163935,0.7,0,1,0,1,0,0,1,0,1,0
360,0.6206896551724137,0.00521053067665278,0.06000000000000005,1,0,0,0,0,1,0,1,0,1
361,0.6896551724137931,0.7545489019754685,0.6799999999999999,0,1,0,0,0,1,0,1,1,0
362,0.6896551724137931,0.11226311482418572,0.56,1,0,0,0,1,0,1,0,0,1
363,0.9655172413793103,0.989343463142506,0.5800000000000001,1,0,0,0,1,0,1,0,1,0
364,0.7586206896551724,0.60702835209326,0.74,0,1,0,1,0,0,0,1,0,1
365,0.6206896551724137,0.40411534176192876,0.98,1,0,0,0,0,1,0,1,1,0
366,0.9655172413793103,0.375520843707539,0.28,0,1,0,1,0,0,1,0,0,1
367,0.9655172413793103,0.6446396007822193,0.9000000000000001,1,0,1,0,0,0,0,1,0,1
368,0.48275862068965514,0.6973847957852721,0.6200000000000001,1,0,1,0,0,0,0,1,1,0
369,0.5172413793103448,0.47529047174196015,0.5,1,0,0,0,0,1,0,1,0,1
370,0.9310344827586206,0.8613003784483053,0.6200000000000001,1,0,1,0,0,0,0,1,1,0
371,0.8620689655172413,0.8446232349155252,0.9000000000000001,1,0,0,0,1,0,0,1,1,0
372,0.4482758620689655,0.08580443669528859,0.8,1,0,0,0,0,1,1,0,1,0
373,0.8620689655172413,0.9756409298717357,0.78,0,1,1,0,0,0,1,0,0,1
374,0.4137931034482758,0.6826810841048991,1.0,0,1,0,1,0,0,1,0,1,0
375,0.8620689655172413,0.1311691949185847,1.0,1,0,0,0,0,1,0,1,0,1
376,0.8275862068965516,0.4931144826958511,0.8800000000000001,0,1,1,0,0,0,0,1,1,0
377,0.7241379310344827,0.3402397385732483,0.17999999999999994,1,0,1,0,0,0,0,1,0,1
378,0.4137931034482758,0.6826810841048991,1.0,0,1,0,1,0,0,1,0,1,0
379,0.6206896551724137,0.5205154792849576,0.43999999999999995,1,0,0,0,0,1,0,1,0,1
380,0.10344827586206895,0.7413350663024569,0.9000000000000001,0,1,1,0,0,0,0,1,1,0
381,0.2068965517241379,0.4945609408622722,0.24,1,0,0,1,0,0,0,1,0,1
382,0.2413793103448275,0.1551014080985289,0.72,1,0,1,0,0,0,0,1,1,0
383,0.9310344827586206,0.5289015303192668,0.6400000000000001,1,0,0,1,0,0,0,1,1,0
384,0.9655172413793103,0.0029231562258664745,0.040000000000000036,1,0,0,1,0,0,0,1,1,0
385,0.3793103448275862,0.4361563210335673,0.96,0,1,0,1,0,0,1,0,0,1
386,0.0,0.041951309236688106,0.8600000000000001,0,1,0,0,1,0,1,0,1,0
387,0.3793103448275862,0.4361563210335673,0.96,0,1,0,1,0,0,1,0,0,1
388,0.7931034482758621,0.7598849520393298,0.1200000000000001,1,0,0,0,1,0,1,0,0,1
389,0.6896551724137931,0.7804867654084522,0.3800000000000001,0,1,0,0,1,0,1,0,0,1
390,0.31034482758620685,0.758962634700288,1.0,1,0,0,1,0,0,0,1,0,1
391,0.6896551724137931,0.10283683558183232,0.96,1,0,1,0,0,0,0,1,0,1
392,0.10344827586206895,0.8945488977027105,0.28,0,1,0,0,1,0,1,0,1,0
393,0.896551724137931,0.07520623241250446,0.7,0,1,1,0,0,0,0,1,1,0
394,0.6551724137931034,0.32019945466990385,0.96,1,0,0,0,1,0,0,1,1,0
395,0.3793103448275862,0.4361563210335673,0.96,0,1,0,1,0,0,1,0,0,1
396,0.6551724137931034,0.8969490645392664,0.21999999999999997,1,0,0,1,0,0,1,0,0,1
397,0.7241379310344827,0.7570021372686513,0.76,1,0,0,0,1,0,1,0,0,1
398,0.5517241379310345,0.8785043951669895,0.8800000000000001,1,0,0,1,0,0,0,1,0,1
399,0.5517241379310345,0.41168340176417706,0.1200000000000001,0,1,0,0,0,1,0,1,1,0
400,0.2413793103448275,0.06610770520199338,0.8200000000000001,1,0,0,1,0,0,1,0,0,1
401,0.31034482758620685,0.1391579687263984,0.3800000000000001,1,0,0,0,1,0,0,1,0,1
402,0.5172413793103448,0.9009229683829882,0.30000000000000004,0,1,0,0,1,0,1,0,1,0
403,0.10344827586206895,0.7138561883681429,0.45999999999999996,0,1,0,1,0,0,1,0,0,1
404,0.10344827586206895,0.6842753287456236,1.0,0,1,0,0,1,0,1,0,1,0
405,0.27586206896551724,0.03198422159941572,0.3400000000000001,0,1,0,0,1,0,1,0,0,1
406,0.31034482758620685,0.758962634700288,1.0,1,0,0,1,0,0,0,1,0,1
407,0.8275862068965516,0.7712100270789648,0.9199999999999999,1,0,1,0,0,0,1,0,1,0
408,0.7931034482758621,0.9159090913125685,0.78,0,1,0,0,1,0,1,0,0,1
409,1.0,0.8387475770415602,0.74,0,1,0,1,0,0,0,1,0,1
410,1.0,0.2178215257332934,0.19999999999999996,1,0,0,0,0,1,0,1,0,1
411,1.0,0.20741070616082946,0.8600000000000001,0,1,0,1,0,0,0,1,1,0
412,0.7586206896551724,0.60702835209326,0.74,0,1,0,1,0,0,0,1,0,1
413,0.27586206896551724,0.501446220556945,0.17999999999999994,0,1,1,0,0,0,1,0,1,0
414,0.6206896551724137,0.18453248267923983,0.10000000000000009,0,1,0,0,1,0,1,0,1,0
415,0.9310344827586206,0.20326935955126002,0.54,1,0,0,0,0,1,1,0,0,1
416,0.4137931034482758,0.6462551761140625,0.14000000000000012,1,0,0,0,1,0,0,1,0,1
417,0.6206896551724137,0.16488369413837445,0.020000000000000018,1,0,1,0,0,0,0,1,0,1
418,0.8275862068965516,0.5944846555827428,0.8600000000000001,1,0,0,0,1,0,0,1,0,1
419,0.3448275862068966,0.781508590667296,0.8400000000000001,1,0,1,0,0,0,1,0,1,0
420,0.5172413793103448,0.7708737313365341,0.74,1,0,0,1,0,0,0,1,0,1
421,0.8275862068965516,0.6203184972179767,0.8600000000000001,0,1,0,1,0,0,0,1,0,1
422,0.3793103448275862,0.12083218292751363,0.56,1,0,1,0,0,0,1,0,0,1
423,0.896551724137931,0.34306870716510596,0.3800000000000001,0,1,0,0,1,0,0,1,0,1
424,0.06896551724137928,0.9915507482552588,0.78,0,1,0,0,1,0,0,1,0,1
425,0.896551724137931,0.9448916785589843,0.8600000000000001,0,1,0,0,1,0,1,0,1,0
426,0.0,0.7366827391607154,0.98,0,1,0,0,0,1,0,1,0,1
427,0.06896551724137928,0.7918428051051785,0.06000000000000005,0,1,0,1,0,0,1,0,1,0
428,0.9310344827586206,0.8613003784483053,0.6200000000000001,1,0,1,0,0,0,0,1,1,0
429,0.1724137931034483,0.8372395061061269,0.8600000000000001,1,0,1,0,0,0,0,1,1,0
430,0.3793103448275862,0.9177966631964682,0.15999999999999992,1,0,1,0,0,0,1,0,1,0
431,0.27586206896551724,0.4961540200230006,0.3400000000000001,0,1,1,0,0,0,0,1,0,1
432,0.8620689655172413,0.9756409298717357,0.78,0,1,1,0,0,0,1,0,0,1
433,0.8620689655172413,0.5633076767221556,0.08000000000000007,0,1,1,0,0,0,0,1,1,0
434,0.8620689655172413,0.4591507424695833,0.48,1,0,0,0,0,1,0,1,1,0
435,0.8275862068965516,0.46474841992431637,0.24,1,0,0,0,1,0,0,1,1,0
436,0.3793103448275862,0.49739346988518895,0.9199999999999999,0,1,0,1,0,0,0,1,0,1
437,0.3448275862068966,0.8227009808544243,0.3800000000000001,1,0,0,0,0,1,0,1,1,0
438,0.0,0.2221730599401177,0.98,1,0,0,1,0,0,0,1,1,0
439,0.13793103448275856,0.8280740354096634,0.8800000000000001,1,0,0,1,0,0,0,1,1,0
440,0.9655172413793103,0.6236242275684787,0.17999999999999994,0,1,0,0,0,1,1,0,0,1
441,0.3793103448275862,0.92337794710185,0.6799999999999999,1,0,1,0,0,0,1,0,0,1
442,0.7241379310344827,0.4973107115779043,0.78,1,0,0,0,0,1,1,0,0,1
443,0.5517241379310345,0.9191556301235853,0.5,0,1,0,0,1,0,0,1,0,1
444,0.1724137931034483,0.790033120985653,0.3400000000000001,0,1,0,1,0,0,0,1,1,0
445,0.1724137931034483,0.5868665330993827,0.6600000000000001,1,0,0,1,0,0,1,0,0,1
446,0.10344827586206895,0.7677324762913662,0.94,0,1,0,1,0,0,0,1,1,0
447,0.6551724137931034,0.4966083217183439,0.6400000000000001,0,1,0,0,0,1,1,0,0,1
448,1.0,0.09022058443106751,0.45999999999999996,1,0,0,1,0,0,0,1,1,0
449,0.9310344827586206,0.779747625617603,0.48,0,1,1,0,0,0,1,0,1,0
450,0.6551724137931034,0.37606947706694904,0.8400000000000001,1,0,0,1,0,0,0,1,0,1
451,0.1724137931034483,0.5560424764259781,0.9000000000000001,1,0,0,0,1,0,0,1,1,0
452,0.10344827586206895,0.9110671548179667,0.1200000000000001,0,1,1,0,0,0,0,1,1,0
453,0.48275862068965514,0.4802399475371919,0.06000000000000005,1,0,0,0,0,1,0,1,0,1
454,0.8275862068965516,0.97511947506452,0.8800000000000001,1,0,1,0,0,0,0,1,1,0
455,0.6896551724137931,0.9983341423305774,0.96,1,0,0,0,1,0,1,0,0,1
456,0.7241379310344827,0.8745896435453555,0.040000000000000036,1,0,1,0,0,0,0,1,1,0
457,0.3448275862068966,0.781508590667296,0.8400000000000001,1,0,1,0,0,0,1,0,1,0
458,0.0,0.5977314284927537,0.3800000000000001,0,1,1,0,0,0,1,0,0,1
459,0.10344827586206895,0.03059864381517996,0.56,0,1,0,0,0,1,1,0,1,0
460,0.8275862068965516,0.4869243131242389,0.6600000000000001,0,1,0,1,0,0,1,0,0,1
461,0.7241379310344827,0.5841709862904256,0.76,1,0,0,0,0,1,0,1,0,1
462,0.4137931034482758,0.7846718179190784,0.24,0,1,0,0,0,1,1,0,1,0
463,0.27586206896551724,0.7046902873868961,0.19999999999999996,1,0,0,0,1,0,1,0,1,0
464,0.6551724137931034,0.8509288501954388,0.10000000000000009,1,0,0,0,0,1,0,1,0,1
465,0.27586206896551724,0.7259237245157182,0.17999999999999994,1,0,0,1,0,0,1,0,1,0
466,0.5517241379310345,0.39030813715395474,0.6000000000000001,0,1,0,0,1,0,1,0,1,0
467,0.03448275862068961,0.6934487792689805,0.76,1,0,1,0,0,0,0,1,1,0
468,0.2068965517241379,0.8307957816472586,0.9000000000000001,1,0,0,0,0,1,1,0,1,0
469,0.8275862068965516,0.7712100270789648,0.9199999999999999,1,0,1,0,0,0,1,0,1,0
470,0.5862068965517241,0.10455151903973703,0.6400000000000001,0,1,0,0,0,1,1,0,0,1
471,0.4137931034482758,0.3614978973181211,0.74,1,0,0,0,0,1,0,1,0,1
472,0.4137931034482758,0.21632965356561473,0.21999999999999997,0,1,0,0,0,1,1,0,1,0
473,0.8620689655172413,0.4591507424695833,0.48,1,0,0,0,0,1,0,1,1,0
474,0.1724137931034483,0.1803061226288023,0.19999999999999996,1,0,1,0,0,0,0,1,0,1
475,0.4482758620689655,0.713851291346169,0.96,1,0,1,0,0,0,0,1,0,1
476,0.9655172413793103,0.7214112154555277,0.8,1,0,0,0,1,0,1,0,0,1
477,0.4482758620689655,0.7262260738980175,0.6600000000000001,1,0,1,0,0,0,1,0,1,0
478,0.03448275862068961,0.07338308709932218,0.52,0,1,0,0,0,1,0,1,1,0
479,0.7931034482758621,0.985971926300995,0.8,0,1,0,1,0,0,1,0,1,0
480,0.8620689655172413,0.4828573106982983,0.76,1,0,0,0,0,1,1,0,0,1
481,0.2413793103448275,0.756919821683286,0.6600000000000001,1,0,0,0,0,1,0,1,0,1
482,0.7931034482758621,0.669577359010072,1.0,1,0,0,0,0,1,0,1,0,1
483,0.9310344827586206,0.7206254147402442,0.28,0,1,0,1,0,0,0,1,0,1
484,0.5172413793103448,0.9341416784303502,0.15999999999999992,1,0,0,1,0,0,1,0,1,0
485,0.7586206896551724,0.13718642731865294,0.21999999999999997,1,0,0,1,0,0,1,0,1,0
486,0.10344827586206895,0.49723605566348117,0.78,1,0,0,1,0,0,1,0,0,1
487,0.03448275862068961,0.4583760784071311,0.76,0,1,0,0,0,1,0,1,0,1
488,0.0,0.4068599442457841,0.9000000000000001,0,1,0,0,0,1,0,1,0,1
489,0.8620689655172413,0.5725209437332046,0.52,1,0,0,0,0,1,1,0,1,0
490,0.9655172413793103,0.8367237886299563,0.28,1,0,0,0,0,1,1,0,1,0
491,1.0,0.02821701513152819,0.8400000000000001,0,1,0,0,1,0,0,1,0,1
492,0.7931034482758621,0.7458621982249201,0.45999999999999996,1,0,0,0,1,0,0,1,1,0
493,0.6896551724137931,0.3437696960414831,0.3400000000000001,1,0,0,1,0,0,0,1,0,1
494,0.9310344827586206,0.5967204337727179,0.45999999999999996,0,1,0,0,0,1,0,1,1,0
495,0.6206896551724137,0.04589228275404489,0.24,0,1,0,0,0,1,0,1,0,1
496,0.4482758620689655,0.5143701449865841,0.040000000000000036,1,0,0,0,1,0,1,0,1,0
497,0.13793103448275856,0.575377040326317,0.8200000000000001,0,1,0,0,0,1,0,1,1,0
498,0.4137931034482758,0.12079818922602636,0.45999999999999996,1,0,1,0,0,0,0,1,0,1
499,0.9655172413793103,0.8367237886299563,0.28,1,0,0,0,0,1,1,0,1,0
500,0.4137931034482758,0.10105609789319447,0.8,0,1,0,0,1,0,1,0,0,1
501,0.8620689655172413,0.20384908896008413,0.6600000000000001,0,1,0,0,1,0,0,1,0,1
502,0.3448275862068966,0.18266891025511067,0.9199999999999999,1,0,1,0,0,0,0,1,1,0
503,0.9655172413793103,0.227364887170318,0.020000000000000018,0,1,0,0,1,0,1,0,0,1
504,0.06896551724137928,0.9915507482552588,0.78,0,1,0,0,1,0,0,1,0,1
505,1.0,0.34120366354815546,0.6200000000000001,1,0,0,0,1,0,0,1,1,0
506,0.5862068965517241,0.9811670675163935,0.7,0,1,0,1,0,0,1,0,1,0
507,0.03448275862068961,0.2732081762345453,0.6799999999999999,0,1,0,0,1,0,1,0,1,0
508,0.6206896551724137,0.10221277159479003,0.6799999999999999,0,1,0,0,1,0,1,0,1,0
509,0.8620689655172413,0.8051092454500062,0.6400000000000001,0,1,0,1,0,0,1,0,1,0
510,0.06896551724137928,0.6914395697884752,0.6000000000000001,0,1,0,1,0,0,0,1,1,0
511,0.2068965517241379,0.3547112226473017,0.9000000000000001,1,0,0,1,0,0,1,0,1,0
512,0.8620689655172413,0.5421286570780113,0.26,1,0,0,0,1,0,1,0,0,1
513,1.0,0.632790828840718,0.94,0,1,1,0,0,0,1,0,1,0
514,0.7241379310344827,0.806920133965727,0.1200000000000001,1,0,0,0,0,1,1,0,0,1
515,0.03448275862068961,0.6934487792689805,0.76,1,0,1,0,0,0,0,1,1,0
516,0.896551724137931,0.9448916785589843,0.8600000000000001,0,1,0,0,1,0,1,0,1,0
517,0.4482758620689655,0.713851291346169,0.96,1,0,1,0,0,0,0,1,0,1
518,0.13793103448275856,0.3775605901681378,0.040000000000000036,0,1,1,0,0,0,0,1,0,1
519,0.4482758620689655,0.6967023490737783,0.48,1,0,0,0,0,1,0,1,1,0
520,0.6551724137931034,0.5052732566696307,0.54,0,1,0,0,1,0,0,1,0,1
521,0.8275862068965516,0.97511947506452,0.8800000000000001,1,0,1,0,0,0,0,1,1,0
522,0.9655172413793103,0.5877221595065714,0.8800000000000001,1,0,0,1,0,0,0,1,0,1
523,0.5172413793103448,0.009893221882179004,0.28,0,1,1,0,0,0,1,0,0,1
524,0.0,0.47012981839357293,0.14000000000000012,0,1,0,0,0,1,0,1,0,1
525,0.7586206896551724,0.8608630704944218,0.56,0,1,1,0,0,0,1,0,1,0
526,0.896551724137931,0.10094349507344846,0.8600000000000001,1,0,0,1,0,0,1,0,0,1
527,0.0,0.9268775884494529,0.94,0,1,0,0,0,1,1,0,0,1
528,0.27586206896551724,0.35286088433879925,0.5,0,1,1,0,0,0,1,0,1,0
529,0.896551724137931,0.9188589470602968,0.76,1,0,0,1,0,0,1,0,0,1
530,0.6896551724137931,0.7495148109283176,0.17999999999999994,1,0,0,0,1,0,0,1,1,0
531,0.5862068965517241,0.9333856642544265,0.30000000000000004,0,1,1,0,0,0,0,1,0,1
532,0.8620689655172413,0.5391131214172216,0.6200000000000001,0,1,0,0,0,1,0,1,0,1
533,0.8620689655172413,0.07323835153470237,0.3400000000000001,1,0,0,0,1,0,1,0,1,0
534,0.0,0.4532820323408282,0.78,0,1,0,1,0,0,0,1,1,0
535,0.48275862068965514,0.8424902285911382,0.56,0,1,0,0,1,0,0,1,0,1
536,0.2413793103448275,0.6484195597276146,0.96,1,0,0,0,0,1,0,1,1,0
537,0.4137931034482758,0.8685551273377217,0.76,1,0,0,1,0,0,0,1,0,1
538,0.896551724137931,0.10467239997703981,0.6400000000000001,1,0,0,0,1,0,0,1,0,1
539,0.06896551724137928,0.06503018243646541,0.6200000000000001,1,0,1,0,0,0,1,0,1,0
540,0.5517241379310345,0.11223365285395381,0.6400000000000001,1,0,1,0,0,0,0,1,1,0
541,0.9310344827586206,0.7943218177667735,0.8800000000000001,0,1,0,0,1,0,1,0,1,0
542,0.3793103448275862,0.6245012891788475,0.0,0,1,1,0,0,0,1,0,1,0
543,0.4137931034482758,0.3100595847234897,0.26,0,1,0,1,0,0,1,0,0,1
544,0.8275862068965516,0.03458574626851152,0.98,0,1,0,0,0,1,1,0,0,1
545,0.896551724137931,0.9037228398941344,0.8800000000000001,0,1,0,0,1,0,0,1,1,0
546,0.9310344827586206,0.973678255740712,0.26,1,0,0,0,1,0,0,1,1,0
547,0.13793103448275856,0.8151489838144308,0.17999999999999994,1,0,1,0,0,0,1,0,1,0
548,0.2413793103448275,0.8219053660352966,0.06000000000000005,0,1,1,0,0,0,0,1,1,0
549,0.6206896551724137,0.3226139607217935,0.15999999999999992,0,1,0,1,0,0,1,0,1,0
550,0.5862068965517241,0.7523100451931517,0.8,0,1,0,0,0,1,0,1,1,0
551,0.31034482758620685,0.9868642743550182,0.19999999999999996,1,0,1,0,0,0,0,1,0,1
552,1.0,0.7901044122536085,0.3400000000000001,1,0,0,0,0,1,0,1,1,0
553,0.5172413793103448,0.7708737313365341,0.74,1,0,0,1,0,0,0,1,0,1
554,0.7241379310344827,0.06408794682362928,0.96,0,1,1,0,0,0,0,1,0,1
555,0.7586206896551724,0.14583514925965813,0.56,0,1,0,0,0,1,0,1,1,0
556,0.8275862068965516,0.616765917201278,0.8800000000000001,1,0,0,0,0,1,0,1,1,0
557,0.3793103448275862,0.8376525375730666,0.9199999999999999,1,0,0,0,1,0,1,0,1,0
558,0.7241379310344827,0.5510285156857295,0.98,0,1,0,0,1,0,1,0,0,1
559,0.6551724137931034,0.5052732566696307,0.54,0,1,0,0,1,0,0,1,0,1
560,0.6551724137931034,0.4799306078827017,0.8,1,0,0,0,1,0,0,1,1,0
561,0.9655172413793103,0.989343463142506,0.5800000000000001,1,0,0,0,1,0,1,0,1,0
562,0.03448275862068961,0.47223685818472205,0.52,0,1,0,1,0,0,1,0,1,0
563,0.2068965517241379,0.8307957816472586,0.9000000000000001,1,0,0,0,0,1,1,0,1,0
564,0.6551724137931034,0.6242859301402326,0.14000000000000012,0,1,0,0,0,1,1,0,1,0
565,0.0,0.8408813753306676,0.08000000000000007,1,0,0,1,0,0,0,1,1,0
566,0.5172413793103448,0.8399574903107014,0.28,1,0,1,0,0,0,1,0,1,0
567,0.9655172413793103,0.8367237886299563,0.28,1,0,0,0,0,1,1,0,1,0
568,0.9655172413793103,0.5343257668984502,0.40000000000000013,0,1,1,0,0,0,0,1,0,1
569,0.896551724137931,0.9188589470602968,0.76,1,0,0,1,0,0,1,0,0,1
570,0.7241379310344827,0.5510285156857295,0.98,0,1,0,0,1,0,1,0,0,1
571,0.7931034482758621,0.5391310330995527,0.8,0,1,0,1,0,0,1,0,1,0
572,0.27586206896551724,0.16366982004263697,0.6400000000000001,0,1,0,1,0,0,1,0,1,0
573,0.6896551724137931,0.749476765328303,0.1200000000000001,1,0,0,0,0,1,0,1,1,0
574,0.7586206896551724,0.5108429443499483,0.72,1,0,0,0,1,0,1,0,1,0
575,0.4137931034482758,0.7067513531044725,0.32000000000000006,1,0,0,1,0,0,0,1,1,0
576,0.10344827586206895,0.5342926811078861,0.45999999999999996,1,0,1,0,0,0,0,1,0,1
577,0.4137931034482758,0.07565184155282623,0.10000000000000009,0,1,0,0,1,0,0,1,1,0
578,0.6896551724137931,0.5864799989505467,0.28,1,0,0,0,1,0,1,0,1,0
579,0.8275862068965516,0.7200130715502242,0.020000000000000018,1,0,0,0,0,1,0,1,0,1
580,0.27586206896551724,0.6228529313620776,0.98,0,1,1,0,0,0,0,1,0,1
581,0.0,0.47570048339205595,0.28,0,1,0,1,0,0,0,1,0,1
582,0.06896551724137928,0.8637578367509342,0.32000000000000006,0,1,0,0,0,1,0,1,0,1
583,0.0,0.34387954102663554,0.9199999999999999,1,0,0,0,1,0,0,1,1,0
584,0.4482758620689655,0.7135737175410424,0.43999999999999995,0,1,0,0,0,1,1,0,0,1
585,0.9310344827586206,0.779747625617603,0.48,0,1,1,0,0,0,1,0,1,0
586,0.13793103448275856,0.8977716675421692,0.48,0,1,0,0,1,0,1,0,1,0
587,0.7241379310344827,0.7570021372686513,0.76,1,0,0,0,1,0,1,0,0,1
588,0.9655172413793103,0.10087785046580522,0.94,0,1,0,1,0,0,1,0,1,0
589,0.5862068965517241,0.7653019987503507,0.28,0,1,0,0,0,1,1,0,1,0
590,0.06896551724137928,0.25443585894129006,0.32000000000000006,0,1,0,1,0,0,1,0,1,0
591,0.9655172413793103,0.30635258462525927,0.8600000000000001,0,1,0,0,0,1,0,1,0,1
592,0.2068965517241379,0.03163422595055798,0.9199999999999999,0,1,0,0,0,1,1,0,1,0
593,0.6206896551724137,0.5933152817599696,0.32000000000000006,0,1,1,0,0,0,0,1,0,1
594,0.5172413793103448,0.4730430056531929,0.6799999999999999,0,1,0,1,0,0,1,0,1,0
595,0.48275862068965514,0.4105476744060803,0.96,0,1,1,0,0,0,1,0,0,1
596,0.9655172413793103,0.14121023336491234,0.6000000000000001,0,1,0,0,1,0,1,0,1,0
597,0.7241379310344827,0.06408794682362928,0.96,0,1,1,0,0,0,0,1,0,1
598,0.4137931034482758,0.4786719735377387,0.8200000000000001,1,0,0,0,0,1,0,1,0,1
599,0.5862068965517241,0.9333856642544265,0.30000000000000004,0,1,1,0,0,0,0,1,0,1
600,0.6206896551724137,0.530510409657603,0.06000000000000005,1,0,0,1,0,0,1,0,0,1
601,0.6206896551724137,0.0436522165605584,0.56,0,1,0,0,0,1,1,0,0,1
602,0.9655172413793103,0.5343257668984502,0.40000000000000013,0,1,1,0,0,0,0,1,0,1
603,1.0,0.7901044122536085,0.3400000000000001,1,0,0,0,0,1,0,1,1,0
604,0.0,0.8252574146871978,0.7,0,1,1,0,0,0,1,0,1,0
605,0.9310344827586206,0.5967204337727179,0.45999999999999996,0,1,0,0,0,1,0,1,1,0
606,0.5172413793103448,0.002969482350625441,0.28,0,1,1,0,0,0,0,1,0,1
607,0.3448275862068966,0.778557235442292,0.78,0,1,0,0,0,1,0,1,1,0
608,0.31034482758620685,0.758962634700288,1.0,1,0,0,1,0,0,0,1,0,1
609,0.8620689655172413,0.4672877079616131,0.040000000000000036,1,0,0,0,0,1,1,0,0,1
610,0.9655172413793103,0.30635258462525927,0.8600000000000001,0,1,0,0,0,1,0,1,0,1
611,0.7586206896551724,0.9596006669951749,0.3800000000000001,1,0,1,0,0,0,1,0,0,1
612,0.9655172413793103,0.30635258462525927,0.8600000000000001,0,1,0,0,0,1,0,1,0,1
613,0.3793103448275862,0.6985923833099941,0.8,1,0,0,0,1,0,1,0,1,0
614,0.8275862068965516,0.97511947506452,0.8800000000000001,1,0,1,0,0,0,0,1,1,0
615,0.3793103448275862,0.92337794710185,0.6799999999999999,1,0,1,0,0,0,1,0,0,1
616,0.3448275862068966,0.778557235442292,0.78,0,1,0,0,0,1,0,1,1,0
617,1.0,0.8387475770415602,0.74,0,1,0,1,0,0,0,1,0,1
618,0.13793103448275856,0.8977716675421692,0.48,0,1,0,0,1,0,1,0,1,0
619,0.10344827586206895,0.8877718820727343,0.3800000000000001,1,0,0,0,0,1,0,1,1,0
620,0.8275862068965516,0.35382138468814817,0.3800000000000001,1,0,0,1,0,0,1,0,1,0
621,0.03448275862068961,0.6385165355769304,0.8800000000000001,0,1,0,1,0,0,1,0,0,1
622,0.5862068965517241,0.5893763200496493,0.56,1,0,0,0,1,0,1,0,0,1
623,0.5862068965517241,0.08242372525943864,0.9000000000000001,0,1,0,1,0,0,0,1,1,0
624,0.6896551724137931,0.5836026681544182,0.6799999999999999,0,1,0,0,1,0,0,1,1,0
625,0.6206896551724137,0.29650539378675944,0.3400000000000001,1,0,0,0,1,0,1,0,0,1
626,0.2068965517241379,0.9631858960984874,0.32000000000000006,1,0,0,0,1,0,0,1,0,1
627,0.10344827586206895,0.8877718820727343,0.3800000000000001,1,0,0,0,0,1,0,1,1,0
628,0.8275862068965516,0.6203184972179767,0.8600000000000001,0,1,0,1,0,0,0,1,0,1
629,0.3793103448275862,0.4225190676815187,0.98,0,1,0,1,0,0,1,0,0,1
630,0.06896551724137928,0.7995852146962947,0.8200000000000001,0,1,0,0,0,1,0,1,0,1
631,0.9310344827586206,0.6425046217675943,0.19999999999999996,0,1,0,0,0,1,0,1,0,1
632,0.5517241379310345,0.234477266158728,0.48,1,0,0,1,0,0,0,1,0,1
633,0.0,1.0,0.10000000000000009,0,1,0,1,0,0,0,1,0,1
634,0.7241379310344827,0.35024656867719406,0.9199999999999999,1,0,0,0,0,1,0,1,1,0
635,1.0,0.20334533661047738,0.14000000000000012,1,0,0,0,1,0,1,0,1,0
636,0.3793103448275862,0.4073953404805828,0.3600000000000001,0,1,0,0,1,0,0,1,0,1
637,0.8620689655172413,0.3679898686368541,0.98,1,0,0,0,0,1,1,0,0,1
638,0.3793103448275862,0.49739346988518895,0.9199999999999999,0,1,0,1,0,0,0,1,0,1
639,0.3448275862068966,0.9082386413851642,0.08000000000000007,0,1,0,0,0,1,0,1,1,0
640,0.9655172413793103,0.5790394926096276,0.9199999999999999,1,0,0,0,1,0,0,1,0,1
641,0.5862068965517241,0.7653019987503507,0.28,0,1,0,0,0,1,1,0,1,0
642,0.5172413793103448,0.7708737313365341,0.74,1,0,0,1,0,0,0,1,0,1
643,0.7931034482758621,0.9159090913125685,0.78,0,1,0,0,1,0,1,0,0,1
644,0.6551724137931034,0.02074515697751278,0.98,1,0,1,0,0,0,0,1,0,1
645,0.7241379310344827,0.5510285156857295,0.98,0,1,0,0,1,0,1,0,0,1
646,0.6206896551724137,0.8008014867520796,0.56,1,0,0,0,1,0,1,0,0,1
647,0.03448275862068961,0.6934487792689805,0.76,1,0,1,0,0,0,0,1,1,0
648,0.6206896551724137,0.8053803547528333,0.48,0,1,0,0,0,1,0,1,1,0
649,0.48275862068965514,0.13809147408966105,0.6400000000000001,0,1,1,0,0,0,1,0,1,0
650,0.9655172413793103,0.7214112154555277,0.8,1,0,0,0,1,0,1,0,0,1
651,0.896551724137931,0.9188589470602968,0.76,1,0,0,1,0,0,1,0,0,1
652,0.8620689655172413,0.531103907377102,0.3400000000000001,1,0,1,0,0,0,0,1,0,1
653,0.9655172413793103,0.2707709567628598,0.9000000000000001,0,1,0,0,1,0,1,0,0,1
654,0.9310344827586206,0.22573023608034015,1.0,1,0,0,1,0,0,1,0,0,1
655,0.6896551724137931,0.6828834814412843,0.54,0,1,0,0,1,0,1,0,0,1
656,0.4137931034482758,0.912236858024243,0.32000000000000006,1,0,0,0,0,1,1,0,0,1
657,0.5172413793103448,0.7709485031971597,0.6600000000000001,0,1,0,0,0,1,0,1,0,1
658,0.6896551724137931,0.9131365985513851,0.56,1,0,0,1,0,0,1,0,0,1
659,0.5517241379310345,0.3114454080408606,0.41999999999999993,1,0,0,1,0,0,1,0,0,1
660,0.3793103448275862,0.6985923833099941,0.8,1,0,0,0,1,0,1,0,1,0
661,0.03448275862068961,0.6934487792689805,0.76,1,0,1,0,0,0,0,1,1,0
662,0.5172413793103448,0.6031831804297967,0.6600000000000001,0,1,0,1,0,0,0,1,0,1
663,0.8620689655172413,0.531103907377102,0.3400000000000001,1,0,1,0,0,0,0,1,0,1
664,0.2068965517241379,0.504675394317815,0.56,0,1,0,1,0,0,0,1,1,0
665,0.8620689655172413,0.34610745674011323,0.30000000000000004,0,1,0,0,1,0,1,0,1,0
666,0.10344827586206895,0.1330591870290172,0.15999999999999992,1,0,1,0,0,0,0,1,1,0
667,0.31034482758620685,0.9868642743550182,0.19999999999999996,1,0,1,0,0,0,0,1,0,1
668,0.06896551724137928,0.5684393766186915,0.94,0,1,0,0,1,0,0,1,0,1
669,1.0,0.535851248821194,0.24,1,0,0,0,1,0,1,0,1,0
670,0.2068965517241379,0.31003059095124597,0.6200000000000001,1,0,0,0,1,0,0,1,1,0
671,0.31034482758620685,0.2760721032083209,0.41999999999999993,1,0,0,0,0,1,0,1,0,1
672,0.4137931034482758,0.5268815504796434,0.48,0,1,0,1,0,0,1,0,0,1
673,0.10344827586206895,0.6842753287456236,1.0,0,1,0,0,1,0,1,0,1,0
674,0.13793103448275856,0.9685466507274874,0.08000000000000007,1,0,0,0,1,0,1,0,0,1
675,0.5517241379310345,0.8406102118661192,0.21999999999999997,0,1,1,0,0,0,0,1,0,1
676,0.31034482758620685,0.7361057244577067,0.3400000000000001,1,0,0,1,0,0,0,1,1,0
677,0.8620689655172413,0.5391131214172216,0.6200000000000001,0,1,0,0,0,1,0,1,0,1
678,1.0,0.632790828840718,0.94,0,1,1,0,0,0,1,0,1,0
679,0.0,0.37801791468930945,0.6400000000000001,0,1,1,0,0,0,0,1,0,1
680,0.9655172413793103,0.8367237886299563,0.28,1,0,0,0,0,1,1,0,1,0
681,0.3448275862068966,0.18266891025511067,0.9199999999999999,1,0,1,0,0,0,0,1,1,0
682,0.27586206896551724,0.7998308391040032,0.3600000000000001,0,1,1,0,0,0,0,1,0,1
683,0.5172413793103448,0.00025639938060306733,0.10000000000000009,1,0,0,0,1,0,1,0,1,0
684,0.9655172413793103,0.5859456137345396,0.32000000000000006,0,1,0,1,0,0,1,0,1,0
685,0.6206896551724137,0.8008014867520796,0.56,1,0,0,0,1,0,1,0,0,1
686,0.0,0.18461684196687744,0.52,0,1,1,0,0,0,0,1,1,0
687,0.5172413793103448,0.6031831804297967,0.6600000000000001,0,1,0,1,0,0,0,1,0,1
688,0.7586206896551724,0.7107352662348332,0.94,0,1,1,0,0,0,0,1,1,0
689,0.5172413793103448,0.557066214395969,0.3400000000000001,0,1,0,1,0,0,0,1,1,0
690,0.48275862068965514,0.9586939580611291,0.24,0,1,0,1,0,0,1,0,1,0
691,0.13793103448275856,0.707001735117873,0.72,1,0,0,1,0,0,1,0,0,1
692,0.3793103448275862,0.92337794710185,0.6799999999999999,1,0,1,0,0,0,1,0,0,1
693,0.0,0.8293010326897992,1.0,0,1,0,1,0,0,0,1,0,1
694,0.8620689655172413,0.06018166790054935,0.3800000000000001,1,0,0,0,0,1,1,0,0,1
695,0.7931034482758621,0.7458621982249201,0.45999999999999996,1,0,0,0,1,0,0,1,1,0
696,0.1724137931034483,0.5116459843398267,1.0,1,0,1,0,0,0,0,1,1,0
697,0.8620689655172413,0.3679898686368541,0.98,1,0,0,0,0,1,1,0,0,1
698,0.9310344827586206,0.0,0.41999999999999993,1,0,0,0,0,1,1,0,0,1
699,0.31034482758620685,0.08826110804817122,0.28,1,0,1,0,0,0,0,1,0,1
700,0.9655172413793103,0.8510191777035323,0.19999999999999996,0,1,0,0,0,1,1,0,1,0
701,0.3793103448275862,0.3960068753650907,0.8,1,0,0,0,1,0,1,0,0,1
702,0.4137931034482758,0.8672438650514624,0.52,1,0,1,0,0,0,0,1,0,1
703,0.13793103448275856,0.6929047588834072,0.56,0,1,0,0,0,1,1,0,0,1
704,0.8620689655172413,0.20384908896008413,0.6600000000000001,0,1,0,0,1,0,0,1,0,1
705,0.5172413793103448,0.9682510898148182,0.5,0,1,1,0,0,0,1,0,0,1
706,0.3793103448275862,0.92337794710185,0.6799999999999999,1,0,1,0,0,0,1,0,0,1
707,0.4137931034482758,0.6075625746235052,0.8600000000000001,1,0,1,0,0,0,1,0,0,1
